Step,Time (ns),Progress (%),Mean speed (ns/day),Current speed (ns/day),Remaining time,Completion date,Temperature (K),Volume (A^3),Density (g/cm^3),Angle,Non-bonded,External 0,External 1,Dihedral,Bond,Potential,Kinetic,Total,k0,k1
25000,0.10,1.0,351.17,351.17,00:40:35,30/10 19:07:20,298.80,580209.55,1.00,1525.14,-190437.41,27.89,63.37,2455.81,561.27,-185803.93,34511.82,-151292.11,0.98,0.10
50000,0.20,2.0,350.86,350.56,00:40:13,30/10 19:07:22,298.13,580121.49,1.00,1540.31,-190458.56,28.45,66.37,2433.47,542.95,-185847.02,34434.86,-151412.16,0.96,0.10
75000,0.30,3.0,350.86,350.84,00:39:48,30/10 19:07:22,297.43,580972.54,1.00,1557.78,-190766.18,26.21,73.39,2473.91,564.25,-186070.64,34353.87,-151716.78,0.94,0.09
100000,0.40,4.0,350.70,350.24,00:39:25,30/10 19:07:23,299.07,582489.40,1.00,1513.84,-190342.00,25.79,60.09,2428.63,561.98,-185751.67,34542.71,-151208.96,0.92,0.09
125000,0.50,5.0,350.70,350.68,00:39:00,30/10 19:07:23,300.41,580471.96,1.00,1544.88,-190729.02,27.72,67.69,2443.80,589.31,-186055.61,34697.77,-151357.84,0.90,0.09
150000,0.60,6.0,350.72,350.83,00:38:35,30/10 19:07:23,298.92,580192.26,1.00,1606.94,-190431.83,24.52,64.03,2470.85,559.47,-185706.02,34525.81,-151180.20,0.88,0.09
175000,0.70,7.0,350.88,351.85,00:38:10,30/10 19:07:22,298.13,580729.91,1.00,1543.78,-190240.66,24.38,64.53,2473.49,554.53,-185579.95,34434.34,-151145.61,0.86,0.09
200000,0.80,8.0,350.80,350.25,00:37:45,30/10 19:07:22,299.16,581518.62,1.00,1569.18,-190253.75,22.00,60.33,2453.12,585.26,-185563.86,34553.15,-151010.71,0.84,0.08
225000,0.90,9.0,350.58,348.84,00:37:22,30/10 19:07:24,298.24,580584.96,1.00,1543.73,-190687.41,27.38,61.02,2454.25,554.59,-186046.44,34447.01,-151599.44,0.82,0.08
250000,1.00,10.0,350.64,351.13,00:36:57,30/10 19:07:23,300.46,581412.01,1.00,1564.44,-190541.74,22.63,63.20,2464.89,581.30,-185845.29,34702.99,-151142.30,0.80,0.08
275000,1.10,11.0,350.64,350.72,00:36:32,30/10 19:07:23,297.63,580204.63,1.00,1584.34,-190296.30,24.63,58.04,2438.19,570.34,-185620.77,34377.13,-151243.64,0.78,0.08
300000,1.20,12.0,350.60,350.12,00:36:08,30/10 19:07:24,300.85,581004.55,1.00,1568.50,-190250.63,23.38,61.96,2469.24,560.11,-185567.43,34748.57,-150818.86,0.76,0.08
325000,1.30,13.0,350.50,349.24,00:35:44,30/10 19:07:24,300.16,581210.46,1.00,1533.29,-190409.78,20.65,63.44,2415.98,575.62,-185800.80,34668.54,-151132.26,0.74,0.07
350000,1.40,14.0,350.62,352.26,00:35:19,30/10 19:07:24,302.42,580459.20,1.00,1554.31,-190363.57,25.38,62.98,2471.10,570.88,-185678.92,34929.65,-150749.27,0.72,0.07
375000,1.50,15.0,350.64,350.90,00:34:54,30/10 19:07:23,299.65,579896.73,1.00,1583.41,-190382.45,29.95,73.27,2414.85,589.39,-185691.58,34610.22,-151081.36,0.70,0.07
400000,1.60,16.0,350.58,349.72,00:34:30,30/10 19:07:24,301.68,583214.17,1.00,1561.33,-190232.12,23.74,65.57,2433.55,573.66,-185574.27,34844.41,-150729.86,0.68,0.07
425000,1.70,17.0,350.72,352.96,00:34:04,30/10 19:07:23,299.14,579882.90,1.00,1511.86,-190620.33,24.65,67.87,2448.24,575.73,-185991.98,34550.95,-151441.03,0.66,0.07
450000,1.80,18.0,350.83,352.65,00:33:39,30/10 19:07:22,297.03,580409.71,1.00,1575.36,-190708.91,25.79,66.90,2425.28,523.17,-186092.40,34307.64,-151784.76,0.64,0.06
475000,1.90,19.0,350.80,350.29,00:33:14,30/10 19:07:22,298.45,580571.53,1.00,1567.02,-190311.88,28.56,71.09,2480.54,585.71,-185578.96,34471.47,-151107.49,0.62,0.06
500000,2.00,20.0,350.90,352.75,00:32:49,30/10 19:07:22,301.26,580094.08,1.00,1553.14,-190139.74,23.47,64.15,2432.42,559.87,-185506.69,34795.64,-150711.04,0.60,0.06
525000,2.10,21.0,350.95,352.05,00:32:24,30/10 19:07:21,298.95,578858.96,1.01,1538.85,-190610.95,21.91,61.29,2434.70,553.32,-186000.88,34529.57,-151471.31,0.58,0.06
550000,2.20,22.0,350.94,350.59,00:32:00,30/10 19:07:21,299.69,580868.79,1.00,1521.37,-190162.33,25.93,59.74,2433.57,566.82,-185554.91,34614.55,-150940.35,0.56,0.06
575000,2.30,23.0,350.99,352.13,00:31:35,30/10 19:07:21,297.64,581007.71,1.00,1488.18,-190440.98,21.78,57.07,2409.20,564.09,-185900.66,34377.56,-151523.09,0.54,0.05
600000,2.40,24.0,351.05,352.44,00:31:10,30/10 19:07:21,297.19,578293.82,1.01,1558.49,-190750.54,23.67,54.91,2420.75,575.73,-186116.98,34325.47,-151791.51,0.52,0.05
625000,2.50,25.0,351.16,353.88,00:30:45,30/10 19:07:20,299.27,584808.38,1.00,1538.72,-190177.29,25.34,56.98,2407.14,566.52,-185582.60,34566.31,-151016.29,0.50,0.05
650000,2.60,26.0,351.13,350.39,00:30:20,30/10 19:07:20,299.60,580634.81,1.00,1547.52,-190398.50,21.23,57.82,2417.81,575.76,-185778.36,34603.84,-151174.52,0.48,0.05
675000,2.70,27.0,351.17,352.27,00:29:56,30/10 19:07:20,300.07,580710.51,1.00,1561.45,-190450.44,19.82,50.44,2456.99,532.59,-185829.14,34658.95,-151170.20,0.46,0.05
700000,2.80,28.0,351.22,352.52,00:29:31,30/10 19:07:19,299.57,579095.09,1.01,1554.99,-190399.58,20.42,54.80,2448.67,568.69,-185752.01,34601.00,-151151.01,0.44,0.04
725000,2.90,29.0,351.24,351.85,00:29:06,30/10 19:07:19,297.28,579810.25,1.00,1528.06,-190438.12,22.37,47.88,2446.76,547.44,-185845.62,34336.40,-151509.22,0.42,0.04
750000,3.00,30.0,351.20,350.03,00:28:42,30/10 19:07:20,301.71,582226.91,1.00,1623.33,-190330.15,20.04,47.13,2447.55,586.63,-185605.47,34848.30,-150757.17,0.40,0.04
775000,3.10,31.0,351.24,352.50,00:28:17,30/10 19:07:19,300.32,582054.41,1.00,1533.01,-190414.87,22.76,48.86,2443.24,586.78,-185780.22,34687.72,-151092.50,0.38,0.04
800000,3.20,32.0,351.26,351.67,00:27:52,30/10 19:07:19,301.08,580498.16,1.00,1541.35,-190125.83,18.85,43.79,2437.73,582.31,-185501.80,34775.21,-150726.59,0.36,0.04
825000,3.30,33.0,351.29,352.21,00:27:27,30/10 19:07:19,301.02,578113.93,1.01,1546.59,-190338.35,19.10,41.95,2447.90,568.60,-185714.22,34767.98,-150946.24,0.34,0.03
850000,3.40,34.0,351.32,352.50,00:27:03,30/10 19:07:19,298.75,580019.76,1.00,1561.48,-190656.19,16.51,41.64,2440.79,621.72,-185974.05,34506.07,-151467.98,0.32,0.03
875000,3.50,35.0,351.31,350.78,00:26:38,30/10 19:07:19,300.13,581815.49,1.00,1514.51,-190263.90,18.25,38.55,2432.19,602.57,-185657.82,34665.40,-150992.42,0.30,0.03
900000,3.60,36.0,351.31,351.60,00:26:13,30/10 19:07:19,299.88,578938.01,1.01,1592.45,-190587.66,20.14,40.42,2441.32,574.62,-185918.70,34636.98,-151281.73,0.28,0.03
925000,3.70,37.0,351.29,350.58,00:25:49,30/10 19:07:19,298.18,578966.60,1.01,1542.53,-190773.47,16.96,41.57,2434.50,550.37,-186187.54,34440.29,-151747.24,0.26,0.03
950000,3.80,38.0,351.28,350.71,00:25:24,30/10 19:07:19,299.43,578867.49,1.01,1565.18,-190566.09,15.58,38.54,2460.37,599.23,-185887.20,34584.84,-151302.36,0.24,0.02
975000,3.90,39.0,351.29,351.56,00:25:00,30/10 19:07:19,297.86,579620.80,1.00,1536.94,-190758.58,15.55,36.23,2436.92,576.57,-186156.36,34403.11,-151753.25,0.22,0.02
1000000,4.00,40.0,351.30,351.81,00:24:35,30/10 19:07:19,300.63,580334.86,1.00,1505.09,-190683.88,14.13,30.21,2424.78,550.31,-186159.35,34722.96,-151436.39,0.20,0.02
1025000,4.10,41.0,351.33,352.39,00:24:10,30/10 19:07:19,299.30,580910.46,1.00,1568.12,-190239.03,13.88,30.70,2439.42,551.46,-185635.44,34570.08,-151065.36,0.18,0.02
1050000,4.20,42.0,351.36,352.94,00:23:46,30/10 19:07:18,299.20,578196.67,1.01,1570.49,-190858.68,14.14,28.27,2443.49,578.74,-186223.55,34557.99,-151665.55,0.16,0.02
1075000,4.30,43.0,351.36,351.22,00:23:21,30/10 19:07:18,297.54,581132.27,1.00,1533.97,-190168.21,13.40,27.88,2432.19,532.97,-185627.82,34365.69,-151262.13,0.14,0.01
1100000,4.40,44.0,351.34,350.36,00:22:57,30/10 19:07:19,297.19,581392.60,1.00,1513.09,-190387.20,13.59,23.54,2436.29,569.35,-185831.34,34326.14,-151505.19,0.12,0.01
1125000,4.50,45.0,351.34,351.43,00:22:32,30/10 19:07:19,297.28,581226.43,1.00,1583.84,-190541.06,10.42,20.51,2417.24,598.53,-185910.50,34336.01,-151574.49,0.10,0.01
1150000,4.60,46.0,351.37,352.87,00:22:07,30/10 19:07:18,298.30,580493.33,1.00,1545.71,-190316.01,11.49,17.82,2400.27,585.99,-185754.73,34453.65,-151301.08,0.08,0.01
1175000,4.70,47.0,351.43,354.12,00:21:43,30/10 19:07:18,298.85,580425.21,1.00,1548.58,-190447.69,8.26,14.60,2433.93,590.74,-185851.58,34518.09,-151333.49,0.06,0.01
1200000,4.80,48.0,351.44,352.01,00:21:18,30/10 19:07:18,297.44,581150.76,1.00,1596.40,-190235.67,7.12,11.15,2448.42,574.90,-185597.69,34354.55,-151243.14,0.04,0.00
1225000,4.90,49.0,351.45,351.67,00:20:53,30/10 19:07:18,297.46,579927.24,1.00,1538.48,-190547.11,6.45,7.59,2432.10,586.26,-185976.22,34356.50,-151619.72,0.02,0.00
1250000,5.00,50.0,351.45,351.68,00:20:29,30/10 19:07:18,298.96,583038.22,1.00,1589.56,-190410.80,0.00,0.00,2434.49,582.06,-185804.69,34530.82,-151273.87,0.00,0.00
1275000,5.10,51.0,351.57,357.66,00:20:04,30/10 19:07:17,300.05,580294.09,1.00,1598.54,-190273.62,0.00,0.00,2414.24,591.77,-185669.07,34656.50,-151012.57,0.00,0.00
1300000,5.20,52.0,351.69,357.63,00:19:39,30/10 19:07:16,297.21,581562.55,1.00,1539.49,-190590.12,0.00,0.00,2417.19,561.88,-186071.56,34328.63,-151742.93,0.00,0.00
1325000,5.30,53.0,351.78,356.57,00:19:14,30/10 19:07:15,298.53,580247.62,1.00,1548.36,-190804.37,0.00,0.00,2404.70,579.21,-186272.10,34480.65,-151791.45,0.00,0.00
1350000,5.40,54.0,351.92,359.65,00:18:49,30/10 19:07:14,298.95,578533.79,1.01,1599.83,-190244.41,0.00,0.00,2411.63,606.23,-185626.73,34529.21,-151097.52,0.00,0.00
1375000,5.50,55.0,352.02,357.55,00:18:24,30/10 19:07:14,300.42,581267.04,1.00,1534.97,-190342.74,0.00,0.00,2411.75,581.38,-185814.64,34698.57,-151116.07,0.00,0.00
1400000,5.60,56.0,352.12,357.47,00:17:59,30/10 19:07:13,298.28,580782.88,1.00,1529.68,-190197.29,0.00,0.00,2425.56,591.40,-185650.65,34451.43,-151199.23,0.00,0.00
1425000,5.70,57.0,352.25,359.99,00:17:34,30/10 19:07:12,300.00,581354.95,1.00,1538.01,-190507.39,0.00,0.00,2459.53,536.87,-185972.98,34650.10,-151322.88,0.00,0.00
1450000,5.80,58.0,352.38,359.73,00:17:09,30/10 19:07:11,298.77,580766.28,1.00,1551.44,-190331.01,0.00,0.00,2396.21,567.05,-185816.32,34508.55,-151307.76,0.00,0.00
1475000,5.90,59.0,352.49,358.88,00:16:44,30/10 19:07:11,298.87,580894.63,1.00,1555.13,-190455.94,0.00,0.00,2402.72,556.33,-185941.77,34520.20,-151421.57,0.00,0.00
1500000,6.00,60.0,352.57,357.46,00:16:20,30/10 19:07:10,298.98,580979.82,1.00,1585.76,-190269.98,0.00,0.00,2431.67,599.85,-185652.70,34532.54,-151120.16,0.00,0.00
1525000,6.10,61.0,352.65,357.96,00:15:55,30/10 19:07:09,297.14,578811.90,1.01,1530.74,-190991.45,0.00,0.00,2414.26,547.08,-186499.37,34320.45,-152178.92,0.00,0.00
1550000,6.20,62.0,352.73,357.48,00:15:30,30/10 19:07:09,297.23,578629.80,1.01,1612.23,-190979.07,0.00,0.00,2408.58,583.10,-186375.16,34330.37,-152044.80,0.00,0.00
1575000,6.30,63.0,352.83,359.01,00:15:06,30/10 19:07:08,299.60,581333.57,1.00,1552.39,-190569.39,0.00,0.00,2410.80,569.78,-186036.42,34603.67,-151432.74,0.00,0.00
1600000,6.40,64.0,352.92,358.54,00:14:41,30/10 19:07:08,299.81,581935.33,1.00,1588.25,-190587.33,0.00,0.00,2402.65,625.66,-185970.78,34628.61,-151342.17,0.00,0.00
1625000,6.50,65.0,352.99,357.70,00:14:16,30/10 19:07:07,298.40,582080.67,1.00,1564.93,-190319.00,0.00,0.00,2409.66,570.29,-185774.11,34465.87,-151308.24,0.00,0.00
1650000,6.60,66.0,353.00,353.74,00:13:52,30/10 19:07:07,299.68,579304.43,1.01,1543.67,-190919.95,0.00,0.00,2407.92,578.93,-186389.42,34612.92,-151776.50,0.00,0.00
1675000,6.70,67.0,353.08,358.47,00:13:27,30/10 19:07:06,296.67,579753.08,1.00,1599.04,-190959.13,0.00,0.00,2390.11,614.01,-186355.97,34265.65,-152090.32,0.00,0.00
1700000,6.80,68.0,353.14,356.77,00:13:02,30/10 19:07:06,299.90,580219.60,1.00,1561.92,-190503.20,0.00,0.00,2397.41,582.71,-185961.16,34638.41,-151322.75,0.00,0.00
1725000,6.90,69.0,353.22,358.99,00:12:38,30/10 19:07:05,300.40,581050.42,1.00,1593.84,-190281.48,0.00,0.00,2425.99,556.50,-185705.14,34696.95,-151008.19,0.00,0.00
1750000,7.00,70.0,353.29,357.95,00:12:13,30/10 19:07:05,300.21,579188.10,1.01,1547.91,-190693.54,0.00,0.00,2420.09,580.26,-186145.28,34674.75,-151470.53,0.00,0.00
1775000,7.10,71.0,353.33,356.81,00:11:49,30/10 19:07:05,298.70,583112.93,1.00,1578.68,-190395.87,0.00,0.00,2402.39,596.52,-185818.28,34500.56,-151317.73,0.00,0.00
1800000,7.20,72.0,353.43,360.00,00:11:24,30/10 19:07:04,298.25,581839.68,1.00,1538.19,-190208.63,0.00,0.00,2409.73,552.38,-185708.32,34448.33,-151259.98,0.00,0.00
1825000,7.30,73.0,353.48,357.32,00:10:59,30/10 19:07:04,301.08,580203.31,1.00,1599.82,-190659.83,0.00,0.00,2419.08,579.85,-186061.08,34775.03,-151286.05,0.00,0.00
1850000,7.40,74.0,353.54,358.08,00:10:35,30/10 19:07:03,297.74,580276.15,1.00,1520.80,-190387.98,0.00,0.00,2404.63,557.95,-185904.59,34388.88,-151515.71,0.00,0.00
1875000,7.50,75.0,353.58,356.64,00:10:10,30/10 19:07:03,298.69,581314.26,1.00,1552.13,-190683.85,0.00,0.00,2433.81,563.20,-186134.71,34499.56,-151635.14,0.00,0.00
1900000,7.60,76.0,353.61,356.06,00:09:46,30/10 19:07:03,297.87,579938.90,1.00,1554.96,-190467.44,0.00,0.00,2432.92,578.72,-185900.85,34404.28,-151496.57,0.00,0.00
1925000,7.70,77.0,353.65,356.29,00:09:21,30/10 19:07:02,300.45,581269.56,1.00,1621.99,-190404.09,0.00,0.00,2373.45,576.08,-185832.57,34702.37,-151130.20,0.00,0.00
1950000,7.80,78.0,353.70,357.71,00:08:57,30/10 19:07:02,298.05,580910.09,1.00,1560.05,-190700.63,0.00,0.00,2422.99,591.06,-186126.52,34425.59,-151700.93,0.00,0.00
1975000,7.90,79.0,353.75,358.08,00:08:32,30/10 19:07:02,299.27,579495.56,1.01,1546.97,-190757.22,0.00,0.00,2391.38,578.57,-186240.31,34565.58,-151674.73,0.00,0.00
2000000,8.00,80.0,353.81,357.97,00:08:08,30/10 19:07:01,298.65,581001.11,1.00,1529.75,-190425.42,0.00,0.00,2423.99,562.72,-185908.96,34494.03,-151414.93,0.00,0.00
2025000,8.10,81.0,353.85,357.59,00:07:43,30/10 19:07:01,298.56,581264.27,1.00,1565.73,-190817.49,0.00,0.00,2438.00,561.60,-186252.16,34484.46,-151767.71,0.00,0.00
2050000,8.20,82.0,353.91,358.76,00:07:19,30/10 19:07:01,298.94,582462.16,1.00,1602.87,-190622.11,0.00,0.00,2386.22,533.34,-186099.68,34527.49,-151572.19,0.00,0.00
2075000,8.30,83.0,353.94,356.69,00:06:54,30/10 19:07:00,300.16,581517.55,1.00,1610.13,-190474.46,0.00,0.00,2411.12,555.13,-185898.08,34668.60,-151229.48,0.00,0.00
2100000,8.40,84.0,353.98,356.55,00:06:30,30/10 19:07:00,298.66,579701.80,1.00,1595.35,-190934.44,0.00,0.00,2386.51,597.51,-186355.08,34496.10,-151858.97,0.00,0.00
2125000,8.50,85.0,354.00,356.08,00:06:06,30/10 19:07:00,302.14,579343.38,1.01,1517.64,-190236.48,0.00,0.00,2409.83,592.53,-185716.47,34898.12,-150818.36,0.00,0.00
2150000,8.60,86.0,354.06,358.88,00:05:41,30/10 19:07:00,301.55,581616.98,1.00,1584.24,-190598.17,0.00,0.00,2413.13,614.93,-185985.86,34829.77,-151156.09,0.00,0.00
2175000,8.70,87.0,354.10,358.13,00:05:17,30/10 19:06:59,299.37,581301.87,1.00,1613.22,-190473.22,0.00,0.00,2395.51,578.80,-185885.69,34577.92,-151307.77,0.00,0.00
2200000,8.80,88.0,354.12,355.75,00:04:52,30/10 19:06:59,300.91,579936.47,1.00,1583.19,-190718.41,0.00,0.00,2397.69,604.17,-186133.36,34754.93,-151378.43,0.00,0.00
2225000,8.90,89.0,354.16,357.25,00:04:28,30/10 19:06:59,298.77,580836.46,1.00,1592.66,-190540.03,0.00,0.00,2409.73,604.86,-185932.79,34508.79,-151424.00,0.00,0.00
2250000,9.00,90.0,354.16,354.73,00:04:03,30/10 19:06:59,298.84,578277.01,1.01,1619.88,-190463.31,0.00,0.00,2426.34,616.16,-185800.93,34515.95,-151284.97,0.00,0.00
2275000,9.10,91.0,354.20,357.76,00:03:39,30/10 19:06:59,301.82,580837.59,1.00,1598.69,-190192.81,0.00,0.00,2409.80,581.00,-185603.33,34860.44,-150742.88,0.00,0.00
2300000,9.20,92.0,354.25,358.64,00:03:15,30/10 19:06:58,299.33,582820.93,1.00,1593.14,-190180.19,0.00,0.00,2432.52,570.74,-185583.80,34573.14,-151010.66,0.00,0.00
2325000,9.30,93.0,354.28,356.96,00:02:50,30/10 19:06:58,299.45,583179.41,1.00,1536.14,-190519.00,0.00,0.00,2401.69,573.67,-186007.51,34586.65,-151420.86,0.00,0.00
2350000,9.40,94.0,354.31,357.28,00:02:26,30/10 19:06:58,297.05,579801.97,1.00,1563.63,-190576.65,0.00,0.00,2409.08,587.07,-186016.87,34309.19,-151707.68,0.00,0.00
2375000,9.50,95.0,354.34,357.49,00:02:01,30/10 19:06:58,299.07,582531.06,1.00,1591.12,-190198.62,0.00,0.00,2403.25,562.78,-185641.47,34542.65,-151098.81,0.00,0.00
2400000,9.60,96.0,354.37,356.95,00:01:37,30/10 19:06:58,299.87,580897.12,1.00,1549.59,-190344.66,0.00,0.00,2380.00,572.10,-185842.98,34635.57,-151207.42,0.00,0.00
2425000,9.70,97.0,354.40,357.63,00:01:13,30/10 19:06:57,299.68,580161.52,1.00,1498.82,-190473.39,0.00,0.00,2397.91,597.56,-185979.10,34613.87,-151365.24,0.00,0.00
2450000,9.80,98.0,354.43,356.84,00:00:48,30/10 19:06:57,297.44,580609.37,1.00,1578.73,-190526.47,0.00,0.00,2415.06,594.22,-185938.46,34354.62,-151583.83,0.00,0.00
2475000,9.90,99.0,354.46,358.09,00:00:24,30/10 19:06:57,299.02,580750.47,1.00,1482.81,-190543.83,0.00,0.00,2399.45,617.34,-186044.22,34537.51,-151506.71,0.00,0.00
2500000,10.00,100.0,354.50,357.99,00:00:00,30/10 19:06:57,296.77,580327.90,1.00,1572.03,-190224.81,0.00,0.00,2393.62,562.69,-185696.46,34277.72,-151418.74,0.00,0.00
