new_resid,old_resid,old_insertion,old_chain
2,1,,A
3,2,,A
4,3,,A
5,4,,A
6,5,,A
7,6,,A
8,7,,A
9,8,,A
10,9,,A
11,10,,A
12,11,,A
13,12,,A
14,13,,A
15,14,,A
16,15,,A
17,16,,A
18,17,,A
19,18,,A
20,19,,A
21,20,,A
22,21,,A
23,22,,A
24,23,,A
25,24,,A
26,25,,A
27,26,,A
28,27,,A
29,28,,A
30,29,,A
31,30,,A
32,31,,A
33,32,,A
34,33,,A
35,34,,A
36,35,,A
37,36,,A
38,37,,A
39,38,,A
40,39,,A
41,40,,A
42,41,,A
43,42,,A
44,43,,A
45,44,,A
46,45,,A
47,46,,A
48,47,,A
49,48,,A
50,49,,A
51,50,,A
52,51,,A
53,52,,A
54,53,,A
55,54,,A
56,55,,A
57,56,,A
58,57,,A
59,58,,A
60,59,,A
61,60,,A
62,61,,A
63,62,,A
64,63,,A
65,64,,A
66,65,,A
67,66,,A
68,67,,A
69,68,,A
70,69,,A
71,70,,A
72,71,,A
73,72,,A
74,73,,A
75,74,,A
76,75,,A
77,76,,A
78,77,,A
79,78,,A
80,79,,A
81,80,,A
82,81,,A
83,82,,A
84,83,,A
85,84,,A
86,85,,A
87,86,,A
88,87,,A
89,88,,A
90,89,,A
91,90,,A
92,91,,A
93,92,,A
94,93,,A
95,94,,A
96,95,,A
97,96,,A
98,97,,A
99,98,,A
100,99,,A
101,100,,A
102,101,,A
103,102,,A
104,103,,A
105,104,,A
106,105,,A
107,106,,A
108,107,,A
109,108,,A
110,109,,A
111,110,,A
112,111,,A
113,112,,A
114,113,,A
115,114,,A
116,115,,A
117,116,,A
118,117,,A
119,118,,A
120,119,,A
121,120,,A
122,121,,A
123,122,,A
124,123,,A
125,124,,A
126,125,,A
127,126,,A
128,127,,A
129,128,,A
130,129,,A
131,130,,A
132,131,,A
133,132,,A
134,133,,A
135,134,,A
136,135,,A
137,136,,A
138,137,,A
139,138,,A
140,139,,A
141,140,,A
142,141,,A
143,142,,A
144,143,,A
145,144,,A
146,145,,A
147,146,,A
148,147,,A
149,148,,A
150,149,,A
151,150,,A
152,151,,A
153,152,,A
154,153,,A
155,154,,A
156,155,,A
157,156,,A
158,157,,A
159,158,,A
160,159,,A
161,160,,A
162,161,,A
163,162,,A
164,163,,A
165,164,,A
166,165,,A
167,166,,A
168,167,,A
169,168,,A
170,169,,A
171,170,,A
172,171,,A
173,172,,A
174,173,,A
175,174,,A
176,175,,A
177,176,,A
178,177,,A
179,178,,A
180,179,,A
